<?xml version="1.0" encoding="UTF-8"?>
<root>
  <item name="com.urbanairship.push.ChannelApiClient ChannelApiClient(com.urbanairship.http.RequestFactory)">
    <annotation name="android.support.annotation.VisibleForTesting" />
  </item>
  <item name="com.urbanairship.push.NamedUserApiClient NamedUserApiClient(com.urbanairship.http.RequestFactory)">
    <annotation name="android.support.annotation.VisibleForTesting" />
  </item>
  <item name="com.urbanairship.push.TagGroupsApiClient TagGroupsApiClient(com.urbanairship.AirshipConfigOptions, com.urbanairship.http.RequestFactory)">
    <annotation name="android.support.annotation.VisibleForTesting" />
  </item>
</root>

