<?xml version="1.0" encoding="UTF-8"?>
<root>
  <item name="com.urbanairship.analytics.Analytics void recordLocation(android.location.Location, com.urbanairship.location.LocationRequestOptions, int) 2">
    <annotation name="android.support.annotation.IntDef">
      <val name="value" val="{com.urbanairship.analytics.LocationEvent.UPDATE_TYPE_CONTINUOUS, com.urbanairship.analytics.LocationEvent.UPDATE_TYPE_SINGLE}" />
    </annotation>
  </item>
  <item name="com.urbanairship.analytics.Event int getPriority()">
    <annotation name="android.support.annotation.IntDef">
      <val name="value" val="{com.urbanairship.analytics.Event.LOW_PRIORITY, com.urbanairship.analytics.Event.NORMAL_PRIORITY, com.urbanairship.analytics.Event.HIGH_PRIORITY}" />
    </annotation>
  </item>
  <item name="com.urbanairship.analytics.EventApiClient EventApiClient(com.urbanairship.http.RequestFactory)">
    <annotation name="android.support.annotation.VisibleForTesting" />
  </item>
  <item name="com.urbanairship.analytics.LocationEvent LocationEvent(android.location.Location, int, int, int, boolean) 1">
    <annotation name="android.support.annotation.IntDef">
      <val name="value" val="{com.urbanairship.analytics.LocationEvent.UPDATE_TYPE_CONTINUOUS, com.urbanairship.analytics.LocationEvent.UPDATE_TYPE_SINGLE}" />
    </annotation>
  </item>
  <item name="com.urbanairship.analytics.LocationEvent int getPriority()">
    <annotation name="android.support.annotation.IntDef">
      <val name="value" val="{com.urbanairship.analytics.Event.LOW_PRIORITY, com.urbanairship.analytics.Event.NORMAL_PRIORITY, com.urbanairship.analytics.Event.HIGH_PRIORITY}" />
    </annotation>
  </item>
  <item name="com.urbanairship.analytics.LocationEvent updateType">
    <annotation name="android.support.annotation.IntDef">
      <val name="value" val="{com.urbanairship.analytics.LocationEvent.UPDATE_TYPE_CONTINUOUS, com.urbanairship.analytics.LocationEvent.UPDATE_TYPE_SINGLE}" />
    </annotation>
  </item>
</root>

